{"items": ["A2"], "support": 0.6610441767068274, "ordered_statistics": [{"items_base": [], "items_add": ["A2"], "confidence": 0.6610441767068274, "lift": 1.0}]}
{"items": ["B2"], "support": 0.6473895582329318, "ordered_statistics": [{"items_base": [], "items_add": ["B2"], "confidence": 0.6473895582329318, "lift": 1.0}]}
{"items": ["C2"], "support": 0.6184738955823293, "ordered_statistics": [{"items_base": [], "items_add": ["C2"], "confidence": 0.6184738955823293, "lift": 1.0}]}
{"items": ["D2"], "support": 0.6538152610441768, "ordered_statistics": [{"items_base": [], "items_add": ["D2"], "confidence": 0.6538152610441768, "lift": 1.0}]}
{"items": ["E2"], "support": 0.5526104417670683, "ordered_statistics": [{"items_base": [], "items_add": ["E2"], "confidence": 0.5526104417670683, "lift": 1.0}]}
{"items": ["A1", "A2"], "support": 0.21526104417670683, "ordered_statistics": [{"items_base": ["A1"], "items_add": ["A2"], "confidence": 1.0, "lift": 1.5127582017010934}]}
{"items": ["A1", "B2"], "support": 0.11244979919678715, "ordered_statistics": [{"items_base": ["A1"], "items_add": ["B2"], "confidence": 0.5223880597014925, "lift": 0.8069145587200472}]}
{"items": ["A1", "C2"], "support": 0.11004016064257029, "ordered_statistics": [{"items_base": ["A1"], "items_add": ["C2"], "confidence": 0.5111940298507462, "lift": 0.8265409963171156}]}
{"items": ["A1", "D2"], "support": 0.11004016064257029, "ordered_statistics": [{"items_base": ["A1"], "items_add": ["D2"], "confidence": 0.5111940298507462, "lift": 0.7818631046242985}]}
{"items": ["A2", "B1"], "support": 0.10763052208835341, "ordered_statistics": [{"items_base": ["B1"], "items_add": ["A2"], "confidence": 0.5173745173745173, "lift": 0.782662544509446}]}
{"items": ["A2", "B2"], "support": 0.4, "ordered_statistics": [{"items_base": ["A2"], "items_add": ["B2"], "confidence": 0.6051032806804374, "lift": 0.9346818665597326}, {"items_base": ["B2"], "items_add": ["A2"], "confidence": 0.6178660049627791, "lift": 0.9346818665597326}]}
{"items": ["A2", "C1"], "support": 0.1108433734939759, "ordered_statistics": [{"items_base": ["C1"], "items_add": ["A2"], "confidence": 0.5822784810126582, "lift": 0.8808465478259532}]}
{"items": ["A2", "C2"], "support": 0.3863453815261044, "ordered_statistics": [{"items_base": ["A2"], "items_add": ["C2"], "confidence": 0.5844471445929525, "lift": 0.9449827208028908}, {"items_base": ["C2"], "items_add": ["A2"], "confidence": 0.6246753246753246, "lift": 0.9449827208028907}]}
{"items": ["A2", "D2"], "support": 0.39919678714859436, "ordered_statistics": [{"items_base": ["A2"], "items_add": ["D2"], "confidence": 0.6038882138517617, "lift": 0.9236373786799058}, {"items_base": ["D2"], "items_add": ["A2"], "confidence": 0.6105651105651105, "lift": 0.9236373786799059}]}
{"items": ["A2", "E1"], "support": 0.11004016064257029, "ordered_statistics": [{"items_base": ["E1"], "items_add": ["A2"], "confidence": 0.685, "lift": 1.036239368165249}]}
{"items": ["A2", "E2"], "support": 0.37269076305220883, "ordered_statistics": [{"items_base": ["A2"], "items_add": ["E2"], "confidence": 0.5637910085054677, "lift": 1.0202322755658535}, {"items_base": ["E2"], "items_add": ["A2"], "confidence": 0.6744186046511628, "lift": 1.0202322755658537}]}
{"items": ["B1", "B2"], "support": 0.20803212851405622, "ordered_statistics": [{"items_base": ["B1"], "items_add": ["B2"], "confidence": 1.0, "lift": 1.5446650124069479}]}
{"items": ["B1", "C2"], "support": 0.11004016064257029, "ordered_statistics": [{"items_base": ["B1"], "items_add": ["C2"], "confidence": 0.528957528957529, "lift": 0.8552624981196411}]}
{"items": ["B2", "C1"], "support": 0.10602409638554217, "ordered_statistics": [{"items_base": ["C1"], "items_add": ["B2"], "confidence": 0.5569620253164557, "lift": 0.8603197537456417}]}
{"items": ["B2", "C2"], "support": 0.38393574297188754, "ordered_statistics": [{"items_base": ["B2"], "items_add": ["C2"], "confidence": 0.5930521091811414, "lift": 0.9588959427669104}, {"items_base": ["C2"], "items_add": ["B2"], "confidence": 0.6207792207792208, "lift": 0.9588959427669105}]}
{"items": ["B2", "D2"], "support": 0.3815261044176707, "ordered_statistics": [{"items_base": ["B2"], "items_add": ["D2"], "confidence": 0.5893300248138957, "lift": 0.9013708610482802}, {"items_base": ["D2"], "items_add": ["B2"], "confidence": 0.5835380835380836, "lift": 0.9013708610482803}]}
{"items": ["B2", "E1"], "support": 0.10602409638554217, "ordered_statistics": [{"items_base": ["E1"], "items_add": ["B2"], "confidence": 0.66, "lift": 1.0194789081885856}]}
{"items": ["B2", "E2"], "support": 0.3598393574297189, "ordered_statistics": [{"items_base": ["B2"], "items_add": ["E2"], "confidence": 0.5558312655086849, "lift": 1.005828380171966}, {"items_base": ["E2"], "items_add": ["B2"], "confidence": 0.6511627906976745, "lift": 1.005828380171966}]}
{"items": ["C1", "C2"], "support": 0.19036144578313252, "ordered_statistics": [{"items_base": ["C1"], "items_add": ["C2"], "confidence": 1.0, "lift": 1.6168831168831168}]}
{"items": ["C1", "D2"], "support": 0.11887550200803212, "ordered_statistics": [{"items_base": ["C1"], "items_add": ["D2"], "confidence": 0.6244725738396625, "lift": 0.9551208285385501}]}
{"items": ["C2", "D2"], "support": 0.38714859437751004, "ordered_statistics": [{"items_base": ["C2"], "items_add": ["D2"], "confidence": 0.625974025974026, "lift": 0.9574172755990937}, {"items_base": ["D2"], "items_add": ["C2"], "confidence": 0.5921375921375921, "lift": 0.9574172755990936}]}
{"items": ["C2", "E2"], "support": 0.3742971887550201, "ordered_statistics": [{"items_base": ["C2"], "items_add": ["E2"], "confidence": 0.6051948051948052, "lift": 1.0951562971911808}, {"items_base": ["E2"], "items_add": ["C2"], "confidence": 0.6773255813953488, "lift": 1.0951562971911808}]}
{"items": ["D1", "D2"], "support": 0.21204819277108433, "ordered_statistics": [{"items_base": ["D1"], "items_add": ["D2"], "confidence": 1.0, "lift": 1.5294840294840293}]}
{"items": ["D2", "E1"], "support": 0.10361445783132531, "ordered_statistics": [{"items_base": ["E1"], "items_add": ["D2"], "confidence": 0.645, "lift": 0.9865171990171989}]}
{"items": ["D2", "E2"], "support": 0.3670682730923695, "ordered_statistics": [{"items_base": ["D2"], "items_add": ["E2"], "confidence": 0.5614250614250614, "lift": 1.015950874235758}, {"items_base": ["E2"], "items_add": ["D2"], "confidence": 0.6642441860465116, "lift": 1.015950874235758}]}
{"items": ["E1", "E2"], "support": 0.1606425702811245, "ordered_statistics": [{"items_base": ["E1"], "items_add": ["E2"], "confidence": 1.0, "lift": 1.809593023255814}]}
{"items": ["A1", "A2", "B2"], "support": 0.11244979919678715, "ordered_statistics": [{"items_base": ["A1", "A2"], "items_add": ["B2"], "confidence": 0.5223880597014925, "lift": 0.8069145587200472}, {"items_base": ["A1", "B2"], "items_add": ["A2"], "confidence": 1.0, "lift": 1.5127582017010934}]}
{"items": ["A1", "A2", "C2"], "support": 0.11004016064257029, "ordered_statistics": [{"items_base": ["A1", "A2"], "items_add": ["C2"], "confidence": 0.5111940298507462, "lift": 0.8265409963171156}, {"items_base": ["A1", "C2"], "items_add": ["A2"], "confidence": 1.0, "lift": 1.5127582017010934}]}
{"items": ["A1", "A2", "D2"], "support": 0.11004016064257029, "ordered_statistics": [{"items_base": ["A1", "A2"], "items_add": ["D2"], "confidence": 0.5111940298507462, "lift": 0.7818631046242985}, {"items_base": ["A1", "D2"], "items_add": ["A2"], "confidence": 1.0, "lift": 1.5127582017010934}]}
{"items": ["A1", "A2", "E2"], "support": 0.10040160642570281, "ordered_statistics": [{"items_base": ["A1", "E2"], "items_add": ["A2"], "confidence": 1.0, "lift": 1.5127582017010934}]}
{"items": ["A2", "B1", "B2"], "support": 0.10763052208835341, "ordered_statistics": [{"items_base": ["A2", "B1"], "items_add": ["B2"], "confidence": 1.0, "lift": 1.5446650124069479}, {"items_base": ["B1", "B2"], "items_add": ["A2"],